angiogenesis signaling,synaptic vesicle fusion,lipid raft remodeling,immune checkpoint blockade,astrocyte calcium wave,myelin sheath development,ferroptosis regulation,autophagy initiation,epigenetic chromatin silencing,neuronal axon guidance,cytotoxic T cell activation,mesenchymal stem cell migration,DNA damage checkpoint,glutamate excitotoxic response,hypoxia inducible factor,cholesterol efflux,vascular smooth muscle contraction,microglial synaptic pruning,mitochondrial biogenesis,glycolytic switch,random control phrase,urban traffic modeling,quantum circuit synthesis,climate carbon sequestration
1.0000,0.2935,0.3195,0.3636,0.3344,0.2421,0.3709,0.3855,0.3421,0.4072,0.3545,0.4186,0.3532,0.2758,0.4202,0.2841,0.3388,0.2799,0.3949,0.3433,0.1647,0.2147,0.1364,0.1800
0.2935,1.0000,0.3240,0.2465,0.3193,0.3269,0.2328,0.3485,0.2795,0.3781,0.3300,0.2300,0.2146,0.3317,0.2065,0.2873,0.2753,0.4700,0.3207,0.2923,0.1824,0.1460,0.2699,0.1379
0.3195,0.3240,1.0000,0.2162,0.3218,0.2909,0.3423,0.3211,0.2867,0.2814,0.2423,0.2963,0.2390,0.2135,0.2241,0.4537,0.2637,0.3151,0.3200,0.3430,0.2161,0.1351,0.1247,0.1846
0.3636,0.2465,0.2162,1.0000,0.2337,0.1922,0.3805,0.3069,0.2961,0.2268,0.4057,0.2498,0.4811,0.2442,0.3247,0.3012,0.2315,0.2559,0.2915,0.2973,0.2224,0.1243,0.1726,0.1849
0.3344,0.3193,0.3218,0.2337,1.0000,0.2675,0.2570,0.2762,0.2440,0.3064,0.3049,0.3250,0.2693,0.3879,0.2758,0.3014,0.2962,0.3802,0.2208,0.3253,0.1796,0.1532,0.1424,0.1812
0.2421,0.3269,0.2909,0.1922,0.2675,1.0000,0.2097,0.2908,0.2534,0.4027,0.2408,0.3349,0.1971,0.2438,0.1669,0.2540,0.2071,0.3985,0.3483,0.2618,0.1164,0.0947,0.1455,0.1279
0.3709,0.2328,0.3423,0.3805,0.2570,0.2097,1.0000,0.4194,0.3032,0.2623,0.3542,0.2273,0.3543,0.3330,0.4113,0.3434,0.2582,0.2712,0.3658,0.3262,0.2098,0.1325,0.1576,0.2345
0.3855,0.3485,0.3211,0.3069,0.2762,0.2908,0.4194,1.0000,0.3189,0.2728,0.4100,0.2427,0.3379,0.3078,0.3504,0.2888,0.2080,0.3499,0.4163,0.3800,0.1971,0.1254,0.1520,0.1960
0.3421,0.2795,0.2867,0.2961,0.2440,0.2534,0.3032,0.3189,1.0000,0.2494,0.2934,0.2538,0.3586,0.2076,0.3122,0.2876,0.2070,0.3350,0.2934,0.3020,0.1917,0.1181,0.2100,0.2354
0.4072,0.3781,0.2814,0.2268,0.3064,0.4027,0.2623,0.2728,0.2494,1.0000,0.2840,0.3797,0.2618,0.3174,0.2166,0.2461,0.2267,0.3824,0.2532,0.2127,0.1610,0.1817,0.1549,0.1180
0.3545,0.3300,0.2423,0.4057,0.3049,0.2408,0.3542,0.4100,0.2934,0.2840,1.0000,0.3127,0.3730,0.3871,0.2864,0.2829,0.2591,0.3123,0.2872,0.3105,0.1695,0.1428,0.1825,0.1450
0.4186,0.2300,0.2963,0.2498,0.3250,0.3349,0.2273,0.2427,0.2538,0.3797,0.3127,1.0000,0.2078,0.2068,0.2638,0.3016,0.3116,0.3026,0.3266,0.2745,0.1319,0.1673,0.0715,0.1910
0.3532,0.2146,0.2390,0.4811,0.2693,0.1971,0.3543,0.3379,0.3586,0.2618,0.3730,0.2078,1.0000,0.3272,0.2717,0.2553,0.1913,0.2125,0.2923,0.2699,0.1723,0.1307,0.1662,0.1528
0.2758,0.3317,0.2135,0.2442,0.3879,0.2438,0.3330,0.3078,0.2076,0.3174,0.3871,0.2068,0.3272,1.0000,0.2895,0.2865,0.2645,0.3995,0.2640,0.3232,0.1572,0.1365,0.1158,0.1045
0.4202,0.2065,0.2241,0.3247,0.2758,0.1669,0.4113,0.3504,0.3122,0.2166,0.2864,0.2638,0.2717,0.2895,1.0000,0.3193,0.2381,0.1975,0.4087,0.3578,0.1860,0.1448,0.1129,0.2208
0.2841,0.2873,0.4537,0.3012,0.3014,0.2540,0.3434,0.2888,0.2876,0.2461,0.2829,0.3016,0.2553,0.2865,0.3193,1.0000,0.2711,0.2977,0.3356,0.3237,0.1791,0.1670,0.1245,0.2500
0.3388,0.2753,0.2637,0.2315,0.2962,0.2071,0.2582,0.2080,0.2070,0.2267,0.2591,0.3116,0.1913,0.2645,0.2381,0.2711,1.0000,0.2305,0.2152,0.2571,0.1847,0.1695,0.1145,0.1594
0.2799,0.4700,0.3151,0.2559,0.3802,0.3985,0.2712,0.3499,0.3350,0.3824,0.3123,0.3026,0.2125,0.3995,0.1975,0.2977,0.2305,1.0000,0.3222,0.3215,0.1594,0.1214,0.2000,0.1494
0.3949,0.3207,0.3200,0.2915,0.2208,0.3483,0.3658,0.4163,0.2934,0.2532,0.2872,0.3266,0.2923,0.2640,0.4087,0.3356,0.2152,0.3222,1.0000,0.4292,0.1703,0.1774,0.1998,0.2622
0.3433,0.2923,0.3430,0.2973,0.3253,0.2618,0.3262,0.3800,0.3020,0.2127,0.3105,0.2745,0.2699,0.3232,0.3578,0.3237,0.2571,0.3215,0.4292,1.0000,0.2175,0.1736,0.1977,0.2320
0.1647,0.1824,0.2161,0.2224,0.1796,0.1164,0.2098,0.1971,0.1917,0.1610,0.1695,0.1319,0.1723,0.1572,0.1860,0.1791,0.1847,0.1594,0.1703,0.2175,1.0000,0.1848,0.2304,0.1385
0.2147,0.1460,0.1351,0.1243,0.1532,0.0947,0.1325,0.1254,0.1181,0.1817,0.1428,0.1673,0.1307,0.1365,0.1448,0.1670,0.1695,0.1214,0.1774,0.1736,0.1848,1.0000,0.2092,0.1840
0.1364,0.2699,0.1247,0.1726,0.1424,0.1455,0.1576,0.1520,0.2100,0.1549,0.1825,0.0715,0.1662,0.1158,0.1129,0.1245,0.1145,0.2000,0.1998,0.1977,0.2304,0.2092,1.0000,0.1850
0.1800,0.1379,0.1846,0.1849,0.1812,0.1279,0.2345,0.1960,0.2354,0.1180,0.1450,0.1910,0.1528,0.1045,0.2208,0.2500,0.1594,0.1494,0.2622,0.2320,0.1385,0.1840,0.1850,1.0000
